username,hash_password
saman,8d23cf6c86e834a7aa6eded54c26ce2bb2e74903538c61bdd5d2197997ab2f72
sara,03ac674216f3e15c761ee1a5e255f067953623c8b388b4459e13f978d7c846f4
farhad54,2fca346db656187102ce806ac732e06a62df0dbb2829e511a770556d398e1a6e
49d180ecf56132819571bf39d9b7b342522a2ac6d23c1418d3338251bfe469c8,
6b51d431df5d7f141cbececcf79edf3dd861c3b4069f0b11661a3eefacbba918,
dara25,b7a56873cd771f2c446d369b649430b65a756ba278ff97ec81bb6f55b2e73569
2fca346db656187102ce806ac732e06a62df0dbb2829e511a770556d398e1a6e,
fatemeh12,6b51d431df5d7f141cbececcf79edf3dd861c3b4069f0b11661a3eefacbba918
52mina52,41cfc0d1f2d127b04555b7246d84019b4d27710a3f3aff6e7764375b1e06e05d
mina52,41cfc0d1f2d127b04555b7246d84019b4d27710a3f3aff6e7764375b1e06e05d
